[{"model": "auth.user", "fields": {"password": "pbkdf2_sha256$1200000$poQRz2C1fn727Hr92o0R0j$2FM+RthV3031iagJcXQdbQrr339BPmIyl0p6CA9XWrg=", "last_login": "2026-06-02T16:11:37.946Z", "is_superuser": true, "username": "Sebax666", "first_name": "johan", "last_name": "muñoz", "email": "johans00133@gmail.com", "is_staff": true, "is_active": true, "date_joined": "2026-03-04T04:39:07Z", "groups": [["Administrador"]], "user_permissions": [["add_perfil", "GAMEDEX", "perfil"], ["change_perfil", "GAMEDEX", "perfil"], ["delete_perfil", "GAMEDEX", "perfil"], ["view_perfil", "GAMEDEX", "perfil"], ["add_producto", "GAMEDEX", "producto"], ["change_producto", "GAMEDEX", "producto"], ["delete_producto", "GAMEDEX", "producto"], ["view_producto", "GAMEDEX", "producto"], ["add_logentry", "admin", "logentry"], ["change_logentry", "admin", "logentry"], ["delete_logentry", "admin", "logentry"], ["view_logentry", "admin", "logentry"], ["add_group", "auth", "group"], ["change_group", "auth", "group"], ["delete_group", "auth", "group"], ["view_group", "auth", "group"], ["add_permission", "auth", "permission"], ["change_permission", "auth", "permission"], ["delete_permission", "auth", "permission"], ["view_permission", "auth", "permission"], ["add_user", "auth", "user"], ["change_user", "auth", "user"], ["delete_user", "auth", "user"], ["view_user", "auth", "user"], ["add_contenttype", "contenttypes", "contenttype"], ["change_contenttype", "contenttypes", "contenttype"], ["delete_contenttype", "contenttypes", "contenttype"], ["view_contenttype", "contenttypes", "contenttype"], ["add_session", "sessions", "session"], ["change_session", "sessions", "session"], ["delete_session", "sessions", "session"], ["view_session", "sessions", "session"]]}}, {"model": "auth.user", "fields": {"password": "pbkdf2_sha256$1200000$lHbdoGG3bggwOWPFUUqEGg$Rj7Aagizqg/NQZLLUzRaQb9+iK+XT78dDS8GF8AMvh8=", "last_login": "2026-06-02T15:49:38.409Z", "is_superuser": false, "username": "vendedor1", "first_name": "vendedor", "last_name": "1", "email": "vendedor1@gmail.com", "is_staff": false, "is_active": true, "date_joined": "2026-03-04T22:54:25Z", "groups": [["Vendedor"]], "user_permissions": [["add_producto", "GAMEDEX", "producto"], ["change_producto", "GAMEDEX", "producto"], ["delete_producto", "GAMEDEX", "producto"], ["view_producto", "GAMEDEX", "producto"], ["add_logentry", "admin", "logentry"], ["change_logentry", "admin", "logentry"], ["delete_logentry", "admin", "logentry"], ["view_logentry", "admin", "logentry"]]}}, {"model": "auth.user", "fields": {"password": "pbkdf2_sha256$1200000$1jjOBy3NjD5e6iPaRBLMn0$SY4XPWyCccHapUBR4AjmywyX51DUgGHIv1+DTRbhZMg=", "last_login": "2026-05-22T23:32:04.637Z", "is_superuser": false, "username": "vendedor2", "first_name": "", "last_name": "", "email": "vendedor2@gmsail.com", "is_staff": false, "is_active": true, "date_joined": "2026-03-07T01:23:46.761Z", "groups": [["Vendedor"]], "user_permissions": []}}, {"model": "auth.user", "fields": {"password": "pbkdf2_sha256$1200000$HZ7hImesZBBF68ahnYXl2r$N2zAu4dzDk8vv0LJlOuPeYPWdtqfHmXo3HpUFjMWkUY=", "last_login": "2026-03-28T01:10:56.034Z", "is_superuser": false, "username": "vendedor3", "first_name": "", "last_name": "", "email": "vendedor3@gmail.com", "is_staff": false, "is_active": true, "date_joined": "2026-03-07T01:57:37.089Z", "groups": [["Vendedor"]], "user_permissions": []}}, {"model": "auth.user", "fields": {"password": "pbkdf2_sha256$1200000$xTXfYX3BdPAXZc4wEimwhI$EBzIiSkBXqsBdEwoNbhJiTpG7scMr0Lra0RWg2IANz4=", "last_login": "2026-06-02T15:49:19.549Z", "is_superuser": false, "username": "usuario1", "first_name": "", "last_name": "", "email": "usuario1@gmail.com", "is_staff": false, "is_active": true, "date_joined": "2026-03-07T02:00:31.700Z", "groups": [["Users"]], "user_permissions": []}}, {"model": "auth.user", "fields": {"password": "pbkdf2_sha256$1200000$SkdUpsRBanEpylYum5rHyf$Qk2KCZuxTvUxQX9F0RCqlShOLr8sO5kn9uIj+M9HqJk=", "last_login": "2026-04-05T22:30:22.033Z", "is_superuser": false, "username": "usuario2", "first_name": "", "last_name": "", "email": "usuario2@gmail.com", "is_staff": false, "is_active": true, "date_joined": "2026-03-13T02:24:00.677Z", "groups": [["Users"]], "user_permissions": []}}, {"model": "auth.user", "fields": {"password": "pbkdf2_sha256$1200000$t13NVhKUtKv9ZRLgExOe05$4P+HdZeiaLpwr5DTTYj+CUCMM/hQugcsvDc2XuJWEfI=", "last_login": "2026-03-28T01:56:23Z", "is_superuser": false, "username": "usuario4", "first_name": "", "last_name": "", "email": "jose123@gmadex.com", "is_staff": false, "is_active": true, "date_joined": "2026-03-28T01:56:12Z", "groups": [["Users"]], "user_permissions": []}}, {"model": "auth.user", "fields": {"password": "pbkdf2_sha256$1200000$xUPoX6m2ZgvSksCLrS820r$ocEtY40VCvNYtBaIRMHavLm+kGF3Yb/A55Xj4uCoKmY=", "last_login": null, "is_superuser": false, "username": "usuario3", "first_name": "", "last_name": "", "email": "jesus@gmail.com", "is_staff": false, "is_active": true, "date_joined": "2026-04-01T00:13:00Z", "groups": [["Users"]], "user_permissions": []}}, {"model": "auth.user", "fields": {"password": "pbkdf2_sha256$1200000$kklwIj0dhKMcfaEzu0E19L$UYh0EVa1yiSnE6VHUedzcTzGNeQtV2ZiYhclO4C4b+4=", "last_login": null, "is_superuser": false, "username": "yenifer", "first_name": "", "last_name": "", "email": "yenifer@gamedex.com", "is_staff": false, "is_active": true, "date_joined": "2026-04-05T22:41:43.092Z", "groups": [["Administrador"]], "user_permissions": []}}, {"model": "auth.user", "fields": {"password": "pbkdf2_sha256$1200000$3oloimZ3wuwTdrOp5L7rga$GGLnH+zS+4r65lWW9rPpLJMHrjpuFWfvVsF2R01VcZ4=", "last_login": null, "is_superuser": false, "username": "juan", "first_name": "", "last_name": "", "email": "juan@gamedex.com", "is_staff": false, "is_active": true, "date_joined": "2026-04-05T22:42:39.824Z", "groups": [["Administrador"]], "user_permissions": []}}, {"model": "auth.user", "fields": {"password": "pbkdf2_sha256$1200000$rOBHU1585nUSES5IzigRDu$hvCO8qtA0g4M2d8pJqga+mIowfuyxI4uSVLXoohCrec=", "last_login": null, "is_superuser": false, "username": "sebas", "first_name": "", "last_name": "", "email": "sebas@gamedex.com", "is_staff": false, "is_active": true, "date_joined": "2026-04-05T22:44:29.620Z", "groups": [["Administrador"]], "user_permissions": []}}, {"model": "auth.user", "fields": {"password": "pbkdf2_sha256$1200000$fgA4y4hpn1uSgKTJ7ady2J$MFIykgIMKLlTNGV9q4PFEqs87JwuU3YMIFkoyayl7Bc=", "last_login": "2026-04-05T22:49:12.736Z", "is_superuser": false, "username": "ivan", "first_name": "", "last_name": "", "email": "ivan@gamedex.com", "is_staff": false, "is_active": true, "date_joined": "2026-04-05T22:44:50.583Z", "groups": [["Administrador"]], "user_permissions": []}}, {"model": "auth.user", "fields": {"password": "pbkdf2_sha256$1200000$Fl5JZdJB5ZzQfg1YY6zAfi$wxLSVqO329L+hDAi/UhHlNHbHAdfdRs431esvrqdCXU=", "last_login": null, "is_superuser": false, "username": "usuario5", "first_name": "", "last_name": "", "email": "123@gamedex.com", "is_staff": false, "is_active": true, "date_joined": "2026-04-05T23:01:27.703Z", "groups": [["Users"]], "user_permissions": []}}, {"model": "auth.user", "fields": {"password": "pbkdf2_sha256$1200000$1XbEhAWgYJpLeyPI0kUHH0$WzMhrX/b3KCaARbamdej7KPVcCLWFcGp1Vjwe7rp4zY=", "last_login": "2026-04-05T23:03:03.673Z", "is_superuser": false, "username": "vendedor5", "first_name": "", "last_name": "", "email": "123@gamedex.com", "is_staff": false, "is_active": true, "date_joined": "2026-04-05T23:02:52.273Z", "groups": [["Vendedor"]], "user_permissions": []}}, {"model": "GAMEDEX.comentario", "pk": 3, "fields": {"publicacion": 14, "autor": ["Sebax666"], "contenido": "lol ", "creado": "2026-04-05T22:01:05.652Z"}}, {"model": "GAMEDEX.comentario", "pk": 4, "fields": {"publicacion": 14, "autor": ["usuario1"], "contenido": "buen juego ", "creado": "2026-04-05T22:02:20.426Z"}}, {"model": "GAMEDEX.comentario", "pk": 5, "fields": {"publicacion": 14, "autor": ["usuario1"], "contenido": "lol ", "creado": "2026-04-05T22:12:00.246Z"}}, {"model": "GAMEDEX.comentario", "pk": 6, "fields": {"publicacion": 19, "autor": ["Sebax666"], "contenido": "lol", "creado": "2026-04-05T22:13:32.107Z"}}, {"model": "GAMEDEX.comentario", "pk": 8, "fields": {"publicacion": 17, "autor": ["Sebax666"], "contenido": "asdjaskjd", "creado": "2026-04-05T22:13:43.810Z"}}, {"model": "GAMEDEX.comentario", "pk": 9, "fields": {"publicacion": 18, "autor": ["Sebax666"], "contenido": "asdasdas", "creado": "2026-04-05T22:13:47.507Z"}}, {"model": "GAMEDEX.comentario", "pk": 10, "fields": {"publicacion": 18, "autor": ["usuario1"], "contenido": "sdsdsds", "creado": "2026-04-05T22:14:03.434Z"}}, {"model": "GAMEDEX.comentario", "pk": 13, "fields": {"publicacion": 22, "autor": ["usuario2"], "contenido": "primer comentario ", "creado": "2026-04-05T22:32:46.806Z"}}, {"model": "GAMEDEX.comentario", "pk": 14, "fields": {"publicacion": 18, "autor": ["usuario2"], "contenido": "hello", "creado": "2026-04-05T22:33:10.175Z"}}, {"model": "GAMEDEX.comentario", "pk": 15, "fields": {"publicacion": 17, "autor": ["usuario2"], "contenido": "hi", "creado": "2026-04-05T22:33:14.911Z"}}, {"model": "GAMEDEX.comentario", "pk": 16, "fields": {"publicacion": 17, "autor": ["Sebax666"], "contenido": "lol", "creado": "2026-06-01T00:39:52.054Z"}}, {"model": "GAMEDEX.publicacion", "pk": 14, "fields": {"comunidad": 9, "autor": ["Sebax666"], "contenido": "cool game ", "imagen": "posts/images.webp", "creado": "2026-04-05T20:51:25.397Z", "likes": [["Sebax666"], ["usuario1"]]}}, {"model": "GAMEDEX.publicacion", "pk": 17, "fields": {"comunidad": 10, "autor": ["usuario1"], "contenido": "Hola que hace, prueba esta pagina o que hace \r\n\r\nXD\r\n", "imagen": "posts/hollow-knight-nintendo-switch_345609.jpg", "creado": "2026-04-05T22:07:46.334Z", "likes": [["usuario1"]]}}, {"model": "GAMEDEX.publicacion", "pk": 18, "fields": {"comunidad": 10, "autor": ["usuario1"], "contenido": "Prueba de publicacion xd \r\n", "imagen": "posts/hollow-knight-nintendo-switch_345609_A59ps7q.jpg", "creado": "2026-04-05T22:08:21.547Z", "likes": []}}, {"model": "GAMEDEX.publicacion", "pk": 19, "fields": {"comunidad": 9, "autor": ["usuario1"], "contenido": "prueba \r\n", "imagen": "", "creado": "2026-04-05T22:12:17.422Z", "likes": [["Sebax666"]]}}, {"model": "GAMEDEX.publicacion", "pk": 22, "fields": {"comunidad": 11, "autor": ["usuario2"], "contenido": "Primer post de prueba con doble imagen ", "imagen": "posts/STK048_XBOX_C.webp", "creado": "2026-04-05T22:32:27.543Z", "likes": [["usuario2"]]}}, {"model": "GAMEDEX.comunidad", "pk": 9, "fields": {"nombre": "zelda", "descripcion": "prueba ", "creador": ["Sebax666"], "imagen": "comunidades/images.webp", "creado": "2026-04-05T20:14:24.471Z", "modificado": "2026-04-05T20:14:24.471Z"}}, {"model": "GAMEDEX.comunidad", "pk": 10, "fields": {"nombre": "Holllow Knigth ", "descripcion": "prueba de comunidad creada por usuario ", "creador": ["usuario1"], "imagen": "comunidades/Promo_04.webp", "creado": "2026-04-05T22:06:51.085Z", "modificado": "2026-04-05T22:06:51.085Z"}}, {"model": "GAMEDEX.comunidad", "pk": 11, "fields": {"nombre": "Solo Xbox", "descripcion": "Prueba de comunidad creada por el usuario 2 ", "creador": ["usuario2"], "imagen": "comunidades/STK048_XBOX_C.webp", "creado": "2026-04-05T22:31:54.644Z", "modificado": "2026-04-05T22:31:54.644Z"}}, {"model": "GAMEDEX.producto", "pk": 2, "fields": {"vendedor": ["vendedor2"], "nombre": "the legend of zelda breath of the wild ", "descripcion": "videojuego the legend of zelda breath of the wild para switch ", "precio": "150000.00", "cantidad": 3, "dias_garantia": 250, "imagen": "productos/tloz-botw.webp", "publicado": true, "destacado": false, "creado": "2026-03-07T01:28:20.828Z", "modificado": "2026-05-23T00:07:37.767Z"}}, {"model": "GAMEDEX.producto", "pk": 5, "fields": {"vendedor": ["vendedor3"], "nombre": "halo", "descripcion": "juego halo ", "precio": "120000.00", "cantidad": 5, "dias_garantia": 120, "imagen": "productos/halo_zxaW7FQ.jpg", "publicado": true, "destacado": false, "creado": "2026-03-12T23:10:47.908Z", "modificado": "2026-05-23T00:21:41.976Z"}}, {"model": "GAMEDEX.producto", "pk": 6, "fields": {"vendedor": ["vendedor1"], "nombre": "XBOX Series S", "descripcion": "Consola de videojuegos Xbox Series S ", "precio": "1350000.00", "cantidad": 5, "dias_garantia": 365, "imagen": "productos/xboxseriess.webp", "publicado": true, "destacado": false, "creado": "2026-03-16T23:52:15.779Z", "modificado": "2026-04-05T15:08:23.338Z"}}, {"model": "GAMEDEX.producto", "pk": 7, "fields": {"vendedor": ["vendedor1"], "nombre": "Nintendo switc oled ", "descripcion": "consola de videojueos nintendo switch oled ", "precio": "1350000.00", "cantidad": 8, "dias_garantia": 365, "imagen": "productos/w1500h1500fitcover_1Fsd8uu.webp", "publicado": true, "destacado": false, "creado": "2026-03-16T23:54:47.785Z", "modificado": "2026-03-28T22:08:21.113Z"}}, {"model": "GAMEDEX.producto", "pk": 8, "fields": {"vendedor": ["vendedor1"], "nombre": "Nintendo Switch 2", "descripcion": "Consola Nintendo ultima generacion ", "precio": "1850000.00", "cantidad": 25, "dias_garantia": 0, "imagen": "productos/Nintendo-Switch-2_h2sPgR6.avif", "publicado": true, "destacado": true, "creado": "2026-03-28T22:06:37.524Z", "modificado": "2026-04-05T16:50:50.688Z"}}, {"model": "GAMEDEX.producto", "pk": 9, "fields": {"vendedor": ["vendedor1"], "nombre": "Xbox Series X", "descripcion": "Consola ultima generacion microsoft Xbox series version X con 520gb de almacenamiento ", "precio": "2100000.00", "cantidad": 14, "dias_garantia": 0, "imagen": "productos/seriesx.jpg", "publicado": true, "destacado": true, "creado": "2026-03-28T22:08:02.324Z", "modificado": "2026-04-05T16:50:52.263Z"}}, {"model": "GAMEDEX.producto", "pk": 10, "fields": {"vendedor": ["vendedor1"], "nombre": "Play Station 4", "descripcion": "Consola Play Station 4, 1 tera de almacenamiento, lector de disco, Edicion Spiderman, dos controles ", "precio": "1300000.00", "cantidad": 14, "dias_garantia": 0, "imagen": "productos/ps4.avif", "publicado": true, "destacado": false, "creado": "2026-03-28T22:23:54.761Z", "modificado": "2026-06-01T00:42:52.906Z"}}, {"model": "GAMEDEX.producto", "pk": 11, "fields": {"vendedor": ["vendedor1"], "nombre": "Play Station 5", "descripcion": "Consola ultima generacion Play Station 5, 1 tera de almacenamiento, solo un control, lector de discos ", "precio": "2300000.00", "cantidad": 19, "dias_garantia": 0, "imagen": "productos/ps5.webp", "publicado": true, "destacado": false, "creado": "2026-03-28T22:25:24.634Z", "modificado": "2026-06-01T00:42:52.921Z"}}, {"model": "GAMEDEX.perfil", "pk": 2, "fields": {"user": ["Sebax666"], "rol": "Administrador"}}, {"model": "GAMEDEX.perfil", "pk": 4, "fields": {"user": ["vendedor1"], "rol": "Vendedor"}}, {"model": "GAMEDEX.perfil", "pk": 6, "fields": {"user": ["vendedor2"], "rol": "Vendedor"}}, {"model": "GAMEDEX.perfil", "pk": 10, "fields": {"user": ["vendedor3"], "rol": "Vendedor"}}, {"model": "GAMEDEX.perfil", "pk": 11, "fields": {"user": ["usuario1"], "rol": "Usuario"}}, {"model": "GAMEDEX.perfil", "pk": 13, "fields": {"user": ["usuario2"], "rol": "Usuario"}}, {"model": "GAMEDEX.perfil", "pk": 15, "fields": {"user": ["usuario4"], "rol": "Usuario"}}, {"model": "GAMEDEX.perfil", "pk": 16, "fields": {"user": ["usuario3"], "rol": "Usuario"}}, {"model": "GAMEDEX.perfil", "pk": 17, "fields": {"user": ["yenifer"], "rol": "Usuario"}}, {"model": "GAMEDEX.perfil", "pk": 18, "fields": {"user": ["juan"], "rol": "Usuario"}}, {"model": "GAMEDEX.perfil", "pk": 19, "fields": {"user": ["sebas"], "rol": "Usuario"}}, {"model": "GAMEDEX.perfil", "pk": 20, "fields": {"user": ["ivan"], "rol": "Usuario"}}, {"model": "GAMEDEX.perfil", "pk": 23, "fields": {"user": ["usuario5"], "rol": "Usuario"}}, {"model": "GAMEDEX.perfil", "pk": 24, "fields": {"user": ["vendedor5"], "rol": "Usuario"}}]
